"filename", "language", "Batch", "Groovy", "XML", "C++", "Properties", "Java", "Markdown", "cmake", "CMake Cache", "Log", "C", "JSON", "comment", "blank", "total"
"e:\share_data\androidProject\YuYinDemo\app\build.gradle", "Groovy", 0, 99, 0, 0, 0, 0, 0, 0, 0, 0, 0, 0, 25, 22, 146
"e:\share_data\androidProject\YuYinDemo\app\src\androidTest\java\com\mobvoi\wenet\ExampleInstrumentedTest.java", "Java", 0, 0, 0, 0, 0, 15, 0, 0, 0, 0, 0, 0, 6, 5, 26
"e:\share_data\androidProject\YuYinDemo\app\src\main\AndroidManifest.xml", "XML", 0, 0, 45, 0, 0, 0, 0, 0, 0, 0, 0, 0, 0, 9, 54
"e:\share_data\androidProject\YuYinDemo\app\src\main\cpp\bin\decoder_main.cc", "C++", 0, 0, 0, 113, 0, 0, 0, 0, 0, 0, 0, 0, 3, 16, 132
"e:\share_data\androidProject\YuYinDemo\app\src\main\cpp\bin\grpc_client_main.cc", "C++", 0, 0, 0, 43, 0, 0, 0, 0, 0, 0, 0, 0, 17, 6, 66
"e:\share_data\androidProject\YuYinDemo\app\src\main\cpp\bin\grpc_server_main.cc", "C++", 0, 0, 0, 31, 0, 0, 0, 0, 0, 0, 0, 0, 13, 8, 52
"e:\share_data\androidProject\YuYinDemo\app\src\main\cpp\bin\label_checker_main.cc", "C++", 0, 0, 0, 184, 0, 0, 0, 0, 0, 0, 0, 0, 21, 21, 226
"e:\share_data\androidProject\YuYinDemo\app\src\main\cpp\bin\websocket_client_main.cc", "C++", 0, 0, 0, 46, 0, 0, 0, 0, 0, 0, 0, 0, 17, 5, 68
"e:\share_data\androidProject\YuYinDemo\app\src\main\cpp\bin\websocket_server_main.cc", "C++", 0, 0, 0, 16, 0, 0, 0, 0, 0, 0, 0, 0, 13, 6, 35
"e:\share_data\androidProject\YuYinDemo\app\src\main\cpp\decoder\context_graph.cc", "C++", 0, 0, 0, 78, 0, 0, 0, 0, 0, 0, 0, 0, 7, 14, 99
"e:\share_data\androidProject\YuYinDemo\app\src\main\cpp\decoder\context_graph.h", "C++", 0, 0, 0, 34, 0, 0, 0, 0, 0, 0, 0, 0, 2, 12, 48
"e:\share_data\androidProject\YuYinDemo\app\src\main\cpp\decoder\ctc_endpoint.cc", "C++", 0, 0, 0, 52, 0, 0, 0, 0, 0, 0, 0, 0, 2, 11, 65
"e:\share_data\androidProject\YuYinDemo\app\src\main\cpp\decoder\ctc_endpoint.h", "C++", 0, 0, 0, 39, 0, 0, 0, 0, 0, 0, 0, 0, 13, 15, 67
"e:\share_data\androidProject\YuYinDemo\app\src\main\cpp\decoder\ctc_prefix_beam_search.cc", "C++", 0, 0, 0, 154, 0, 0, 0, 0, 0, 0, 0, 0, 20, 16, 190
"e:\share_data\androidProject\YuYinDemo\app\src\main\cpp\decoder\ctc_prefix_beam_search.h", "C++", 0, 0, 0, 104, 0, 0, 0, 0, 0, 0, 0, 0, 6, 26, 136
"e:\share_data\androidProject\YuYinDemo\app\src\main\cpp\decoder\ctc_prefix_beam_search_test.cc", "C++", 0, 0, 0, 41, 0, 0, 0, 0, 0, 0, 0, 0, 11, 9, 61
"e:\share_data\androidProject\YuYinDemo\app\src\main\cpp\decoder\ctc_wfst_beam_search.cc", "C++", 0, 0, 0, 164, 0, 0, 0, 0, 0, 0, 0, 0, 14, 18, 196
"e:\share_data\androidProject\YuYinDemo\app\src\main\cpp\decoder\ctc_wfst_beam_search.h", "C++", 0, 0, 0, 72, 0, 0, 0, 0, 0, 0, 0, 0, 10, 17, 99
"e:\share_data\androidProject\YuYinDemo\app\src\main\cpp\decoder\params.h", "C++", 0, 0, 0, 124, 0, 0, 0, 0, 0, 0, 0, 0, 10, 22, 156
"e:\share_data\androidProject\YuYinDemo\app\src\main\cpp\decoder\search_interface.h", "C++", 0, 0, 0, 24, 0, 0, 0, 0, 0, 0, 0, 0, 6, 10, 40
"e:\share_data\androidProject\YuYinDemo\app\src\main\cpp\decoder\torch_asr_decoder.cc", "C++", 0, 0, 0, 270, 0, 0, 0, 0, 0, 0, 0, 0, 41, 30, 341
"e:\share_data\androidProject\YuYinDemo\app\src\main\cpp\decoder\torch_asr_decoder.h", "C++", 0, 0, 0, 114, 0, 0, 0, 0, 0, 0, 0, 0, 24, 28, 166
"e:\share_data\androidProject\YuYinDemo\app\src\main\cpp\decoder\torch_asr_model.cc", "C++", 0, 0, 0, 34, 0, 0, 0, 0, 0, 0, 0, 0, 4, 8, 46
"e:\share_data\androidProject\YuYinDemo\app\src\main\cpp\decoder\torch_asr_model.h", "C++", 0, 0, 0, 31, 0, 0, 0, 0, 0, 0, 0, 0, 4, 12, 47
"e:\share_data\androidProject\YuYinDemo\app\src\main\cpp\frontend\fbank.h", "C++", 0, 0, 0, 165, 0, 0, 0, 0, 0, 0, 0, 0, 31, 25, 221
"e:\share_data\androidProject\YuYinDemo\app\src\main\cpp\frontend\feature_pipeline.cc", "C++", 0, 0, 0, 73, 0, 0, 0, 0, 0, 0, 0, 0, 16, 12, 101
"e:\share_data\androidProject\YuYinDemo\app\src\main\cpp\frontend\feature_pipeline.h", "C++", 0, 0, 0, 54, 0, 0, 0, 0, 0, 0, 0, 0, 41, 23, 118
"e:\share_data\androidProject\YuYinDemo\app\src\main\cpp\frontend\fft.cc", "C++", 0, 0, 0, 99, 0, 0, 0, 0, 0, 0, 0, 0, 10, 13, 122
"e:\share_data\androidProject\YuYinDemo\app\src\main\cpp\frontend\fft.h", "C++", 0, 0, 0, 14, 0, 0, 0, 0, 0, 0, 0, 0, 2, 10, 26
"e:\share_data\androidProject\YuYinDemo\app\src\main\cpp\frontend\wav.h", "C++", 0, 0, 0, 159, 0, 0, 0, 0, 0, 0, 0, 0, 21, 24, 204
"e:\share_data\androidProject\YuYinDemo\app\src\main\cpp\grpc\grpc_client.cc", "C++", 0, 0, 0, 63, 0, 0, 0, 0, 0, 0, 0, 0, 14, 9, 86
"e:\share_data\androidProject\YuYinDemo\app\src\main\cpp\grpc\grpc_client.h", "C++", 0, 0, 0, 45, 0, 0, 0, 0, 0, 0, 0, 0, 13, 13, 71
"e:\share_data\androidProject\YuYinDemo\app\src\main\cpp\grpc\grpc_server.cc", "C++", 0, 0, 0, 149, 0, 0, 0, 0, 0, 0, 0, 0, 18, 15, 182
"e:\share_data\androidProject\YuYinDemo\app\src\main\cpp\grpc\grpc_server.h", "C++", 0, 0, 0, 71, 0, 0, 0, 0, 0, 0, 0, 0, 14, 15, 100
"e:\share_data\androidProject\YuYinDemo\app\src\main\cpp\kaldi\README.md", "Markdown", 0, 0, 0, 0, 0, 0, 16, 0, 0, 0, 0, 0, 0, 6, 22
"e:\share_data\androidProject\YuYinDemo\app\src\main\cpp\kaldi\base\io-funcs-inl.h", "C++", 0, 0, 0, 260, 0, 0, 0, 0, 0, 0, 0, 0, 50, 20, 330
"e:\share_data\androidProject\YuYinDemo\app\src\main\cpp\kaldi\base\io-funcs.cc", "C++", 0, 0, 0, 172, 0, 0, 0, 0, 0, 0, 0, 0, 22, 22, 216
"e:\share_data\androidProject\YuYinDemo\app\src\main\cpp\kaldi\base\io-funcs.h", "C++", 0, 0, 0, 59, 0, 0, 0, 0, 0, 0, 0, 0, 153, 35, 247
"e:\share_data\androidProject\YuYinDemo\app\src\main\cpp\kaldi\base\kaldi-common.h", "C++", 0, 0, 0, 17, 0, 0, 0, 0, 0, 0, 0, 0, 18, 7, 42
"e:\share_data\androidProject\YuYinDemo\app\src\main\cpp\kaldi\base\kaldi-error.cc", "C++", 0, 0, 0, 9, 0, 0, 0, 0, 0, 0, 0, 0, 24, 10, 43
"e:\share_data\androidProject\YuYinDemo\app\src\main\cpp\kaldi\base\kaldi-error.h", "C++", 0, 0, 0, 18, 0, 0, 0, 0, 0, 0, 0, 0, 24, 16, 58
"e:\share_data\androidProject\YuYinDemo\app\src\main\cpp\kaldi\base\kaldi-math.cc", "C++", 0, 0, 0, 103, 0, 0, 0, 0, 0, 0, 0, 0, 45, 17, 165
"e:\share_data\androidProject\YuYinDemo\app\src\main\cpp\kaldi\base\kaldi-math.h", "C++", 0, 0, 0, 235, 0, 0, 0, 0, 0, 0, 0, 0, 62, 67, 364
"e:\share_data\androidProject\YuYinDemo\app\src\main\cpp\kaldi\base\kaldi-types.h", "C++", 0, 0, 0, 26, 0, 0, 0, 0, 0, 0, 0, 0, 39, 11, 76
"e:\share_data\androidProject\YuYinDemo\app\src\main\cpp\kaldi\base\kaldi-utils.h", "C++", 0, 0, 0, 108, 0, 0, 0, 0, 0, 0, 0, 0, 22, 26, 156
"e:\share_data\androidProject\YuYinDemo\app\src\main\cpp\kaldi\decoder\lattice-faster-decoder.cc", "C++", 0, 0, 0, 782, 0, 0, 0, 0, 0, 0, 0, 0, 230, 81, 1093
"e:\share_data\androidProject\YuYinDemo\app\src\main\cpp\kaldi\decoder\lattice-faster-decoder.h", "C++", 0, 0, 0, 220, 0, 0, 0, 0, 0, 0, 0, 0, 260, 76, 556
"e:\share_data\androidProject\YuYinDemo\app\src\main\cpp\kaldi\decoder\lattice-faster-online-decoder.cc", "C++", 0, 0, 0, 214, 0, 0, 0, 0, 0, 0, 0, 0, 41, 24, 279
"e:\share_data\androidProject\YuYinDemo\app\src\main\cpp\kaldi\decoder\lattice-faster-online-decoder.h", "C++", 0, 0, 0, 41, 0, 0, 0, 0, 0, 0, 0, 0, 70, 21, 132
"e:\share_data\androidProject\YuYinDemo\app\src\main\cpp\kaldi\fstbin\fstaddselfloops.cc", "C++", 0, 0, 0, 59, 0, 0, 0, 0, 0, 0, 0, 0, 24, 18, 101
"e:\share_data\androidProject\YuYinDemo\app\src\main\cpp\kaldi\fstbin\fstdeterminizestar.cc", "C++", 0, 0, 0, 58, 0, 0, 0, 0, 0, 0, 0, 0, 44, 13, 115
"e:\share_data\androidProject\YuYinDemo\app\src\main\cpp\kaldi\fstbin\fstisstochastic.cc", "C++", 0, 0, 0, 46, 0, 0, 0, 0, 0, 0, 0, 0, 32, 14, 92
"e:\share_data\androidProject\YuYinDemo\app\src\main\cpp\kaldi\fstbin\fstminimizeencoded.cc", "C++", 0, 0, 0, 40, 0, 0, 0, 0, 0, 0, 0, 0, 21, 14, 75
"e:\share_data\androidProject\YuYinDemo\app\src\main\cpp\kaldi\fstbin\fsttablecompose.cc", "C++", 0, 0, 0, 75, 0, 0, 0, 0, 0, 0, 0, 0, 37, 22, 134
"e:\share_data\androidProject\YuYinDemo\app\src\main\cpp\kaldi\fstext\determinize-lattice-inl.h", "C++", 0, 0, 0, 955, 0, 0, 0, 0, 0, 0, 0, 0, 299, 104, 1358
"e:\share_data\androidProject\YuYinDemo\app\src\main\cpp\kaldi\fstext\determinize-lattice.h", "C++", 0, 0, 0, 30, 0, 0, 0, 0, 0, 0, 0, 0, 100, 15, 145
"e:\share_data\androidProject\YuYinDemo\app\src\main\cpp\kaldi\fstext\determinize-star-inl.h", "C++", 0, 0, 0, 877, 0, 0, 0, 0, 0, 0, 0, 0, 222, 106, 1205
"e:\share_data\androidProject\YuYinDemo\app\src\main\cpp\kaldi\fstext\determinize-star.h", "C++", 0, 0, 0, 22, 0, 0, 0, 0, 0, 0, 0, 0, 80, 15, 117
"e:\share_data\androidProject\YuYinDemo\app\src\main\cpp\kaldi\fstext\fstext-lib.h", "C++", 0, 0, 0, 12, 0, 0, 0, 0, 0, 0, 0, 0, 17, 6, 35
"e:\share_data\androidProject\YuYinDemo\app\src\main\cpp\kaldi\fstext\fstext-utils-inl.h", "C++", 0, 0, 0, 1038, 0, 0, 0, 0, 0, 0, 0, 0, 123, 105, 1266
"e:\share_data\androidProject\YuYinDemo\app\src\main\cpp\kaldi\fstext\fstext-utils.h", "C++", 0, 0, 0, 134, 0, 0, 0, 0, 0, 0, 0, 0, 197, 56, 387
"e:\share_data\androidProject\YuYinDemo\app\src\main\cpp\kaldi\fstext\kaldi-fst-io-inl.h", "C++", 0, 0, 0, 158, 0, 0, 0, 0, 0, 0, 0, 0, 36, 15, 209
"e:\share_data\androidProject\YuYinDemo\app\src\main\cpp\kaldi\fstext\kaldi-fst-io.cc", "C++", 0, 0, 0, 97, 0, 0, 0, 0, 0, 0, 0, 0, 37, 15, 149
"e:\share_data\androidProject\YuYinDemo\app\src\main\cpp\kaldi\fstext\kaldi-fst-io.h", "C++", 0, 0, 0, 57, 0, 0, 0, 0, 0, 0, 0, 0, 71, 31, 159
"e:\share_data\androidProject\YuYinDemo\app\src\main\cpp\kaldi\fstext\lattice-utils-inl.h", "C++", 0, 0, 0, 211, 0, 0, 0, 0, 0, 0, 0, 0, 37, 20, 268
"e:\share_data\androidProject\YuYinDemo\app\src\main\cpp\kaldi\fstext\lattice-utils.h", "C++", 0, 0, 0, 142, 0, 0, 0, 0, 0, 0, 0, 0, 79, 39, 260
"e:\share_data\androidProject\YuYinDemo\app\src\main\cpp\kaldi\fstext\lattice-weight.h", "C++", 0, 0, 0, 648, 0, 0, 0, 0, 0, 0, 0, 0, 137, 108, 893
"e:\share_data\androidProject\YuYinDemo\app\src\main\cpp\kaldi\fstext\pre-determinize-inl.h", "C++", 0, 0, 0, 453, 0, 0, 0, 0, 0, 0, 0, 0, 291, 55, 799
"e:\share_data\androidProject\YuYinDemo\app\src\main\cpp\kaldi\fstext\pre-determinize.h", "C++", 0, 0, 0, 29, 0, 0, 0, 0, 0, 0, 0, 0, 52, 18, 99
"e:\share_data\androidProject\YuYinDemo\app\src\main\cpp\kaldi\fstext\remove-eps-local-inl.h", "C++", 0, 0, 0, 248, 0, 0, 0, 0, 0, 0, 0, 0, 39, 32, 319
"e:\share_data\androidProject\YuYinDemo\app\src\main\cpp\kaldi\fstext\remove-eps-local.h", "C++", 0, 0, 0, 11, 0, 0, 0, 0, 0, 0, 0, 0, 35, 12, 58
"e:\share_data\androidProject\YuYinDemo\app\src\main\cpp\kaldi\fstext\table-matcher.h", "C++", 0, 0, 0, 293, 0, 0, 0, 0, 0, 0, 0, 0, 51, 44, 388
"e:\share_data\androidProject\YuYinDemo\app\src\main\cpp\kaldi\itf\decodable-itf.h", "C++", 0, 0, 0, 17, 0, 0, 0, 0, 0, 0, 0, 0, 94, 12, 123
"e:\share_data\androidProject\YuYinDemo\app\src\main\cpp\kaldi\itf\options-itf.h", "C++", 0, 0, 0, 23, 0, 0, 0, 0, 0, 0, 0, 0, 16, 13, 52
"e:\share_data\androidProject\YuYinDemo\app\src\main\cpp\kaldi\lat\CPPLINT.cfg", "Properties", 0, 0, 0, 0, 1, 0, 0, 0, 0, 0, 0, 0, 2, 1, 4
"e:\share_data\androidProject\YuYinDemo\app\src\main\cpp\kaldi\lat\determinize-lattice-pruned.cc", "C++", 0, 0, 0, 863, 0, 0, 0, 0, 0, 0, 0, 0, 574, 109, 1546
"e:\share_data\androidProject\YuYinDemo\app\src\main\cpp\kaldi\lat\determinize-lattice-pruned.h", "C++", 0, 0, 0, 81, 0, 0, 0, 0, 0, 0, 0, 0, 197, 19, 297
"e:\share_data\androidProject\YuYinDemo\app\src\main\cpp\kaldi\lat\kaldi-lattice.cc", "C++", 0, 0, 0, 397, 0, 0, 0, 0, 0, 0, 0, 0, 75, 35, 507
"e:\share_data\androidProject\YuYinDemo\app\src\main\cpp\kaldi\lat\kaldi-lattice.h", "C++", 0, 0, 0, 73, 0, 0, 0, 0, 0, 0, 0, 0, 41, 43, 157
"e:\share_data\androidProject\YuYinDemo\app\src\main\cpp\kaldi\lat\lattice-functions.cc", "C++", 0, 0, 0, 76, 0, 0, 0, 0, 0, 0, 0, 0, 1903, 14, 1993
"e:\share_data\androidProject\YuYinDemo\app\src\main\cpp\kaldi\lat\lattice-functions.h", "C++", 0, 0, 0, 12, 0, 0, 0, 0, 0, 0, 0, 0, 431, 13, 456
"e:\share_data\androidProject\YuYinDemo\app\src\main\cpp\kaldi\lm\arpa-file-parser.cc", "C++", 0, 0, 0, 210, 0, 0, 0, 0, 0, 0, 0, 0, 33, 37, 280
"e:\share_data\androidProject\YuYinDemo\app\src\main\cpp\kaldi\lm\arpa-file-parser.h", "C++", 0, 0, 0, 64, 0, 0, 0, 0, 0, 0, 0, 0, 58, 28, 150
"e:\share_data\androidProject\YuYinDemo\app\src\main\cpp\kaldi\lm\arpa-lm-compiler.cc", "C++", 0, 0, 0, 233, 0, 0, 0, 0, 0, 0, 0, 0, 109, 40, 382
"e:\share_data\androidProject\YuYinDemo\app\src\main\cpp\kaldi\lm\arpa-lm-compiler.h", "C++", 0, 0, 0, 29, 0, 0, 0, 0, 0, 0, 0, 0, 20, 15, 64
"e:\share_data\androidProject\YuYinDemo\app\src\main\cpp\kaldi\lmbin\arpa2fst.cc", "C++", 0, 0, 0, 98, 0, 0, 0, 0, 0, 0, 0, 0, 28, 20, 146
"e:\share_data\androidProject\YuYinDemo\app\src\main\cpp\kaldi\util\basic-filebuf.h", "C++", 0, 0, 0, 659, 0, 0, 0, 0, 0, 0, 0, 0, 257, 37, 953
"e:\share_data\androidProject\YuYinDemo\app\src\main\cpp\kaldi\util\const-integer-set-inl.h", "C++", 0, 0, 0, 57, 0, 0, 0, 0, 0, 0, 0, 0, 19, 12, 88
"e:\share_data\androidProject\YuYinDemo\app\src\main\cpp\kaldi\util\const-integer-set.h", "C++", 0, 0, 0, 54, 0, 0, 0, 0, 0, 0, 0, 0, 26, 17, 97
"e:\share_data\androidProject\YuYinDemo\app\src\main\cpp\kaldi\util\hash-list-inl.h", "C++", 0, 0, 0, 143, 0, 0, 0, 0, 0, 0, 0, 0, 31, 20, 194
"e:\share_data\androidProject\YuYinDemo\app\src\main\cpp\kaldi\util\hash-list.h", "C++", 0, 0, 0, 45, 0, 0, 0, 0, 0, 0, 0, 0, 72, 30, 147
"e:\share_data\androidProject\YuYinDemo\app\src\main\cpp\kaldi\util\kaldi-io-inl.h", "C++", 0, 0, 0, 14, 0, 0, 0, 0, 0, 0, 0, 0, 14, 13, 41
"e:\share_data\androidProject\YuYinDemo\app\src\main\cpp\kaldi\util\kaldi-io.cc", "C++", 0, 0, 0, 606, 0, 0, 0, 0, 0, 0, 0, 0, 212, 81, 899
"e:\share_data\androidProject\YuYinDemo\app\src\main\cpp\kaldi\util\kaldi-io.h", "C++", 0, 0, 0, 70, 0, 0, 0, 0, 0, 0, 0, 0, 153, 44, 267
"e:\share_data\androidProject\YuYinDemo\app\src\main\cpp\kaldi\util\kaldi-pipebuf.h", "C++", 0, 0, 0, 49, 0, 0, 0, 0, 0, 0, 0, 0, 24, 14, 87
"e:\share_data\androidProject\YuYinDemo\app\src\main\cpp\kaldi\util\parse-options.cc", "C++", 0, 0, 0, 491, 0, 0, 0, 0, 0, 0, 0, 0, 85, 61, 637
"e:\share_data\androidProject\YuYinDemo\app\src\main\cpp\kaldi\util\parse-options.h", "C++", 0, 0, 0, 134, 0, 0, 0, 0, 0, 0, 0, 0, 96, 36, 266
"e:\share_data\androidProject\YuYinDemo\app\src\main\cpp\kaldi\util\simple-io-funcs.cc", "C++", 0, 0, 0, 54, 0, 0, 0, 0, 0, 0, 0, 0, 16, 11, 81
"e:\share_data\androidProject\YuYinDemo\app\src\main\cpp\kaldi\util\simple-io-funcs.h", "C++", 0, 0, 0, 16, 0, 0, 0, 0, 0, 0, 0, 0, 32, 14, 62
"e:\share_data\androidProject\YuYinDemo\app\src\main\cpp\kaldi\util\stl-utils.h", "C++", 0, 0, 0, 226, 0, 0, 0, 0, 0, 0, 0, 0, 53, 32, 311
"e:\share_data\androidProject\YuYinDemo\app\src\main\cpp\kaldi\util\text-utils.cc", "C++", 0, 0, 0, 432, 0, 0, 0, 0, 0, 0, 0, 0, 90, 59, 581
"e:\share_data\androidProject\YuYinDemo\app\src\main\cpp\kaldi\util\text-utils.h", "C++", 0, 0, 0, 106, 0, 0, 0, 0, 0, 0, 0, 0, 128, 31, 265
"e:\share_data\androidProject\YuYinDemo\app\src\main\cpp\out\build\x64-Debug\.cmake\api\v1\query\client-MicrosoftVS\query.json", "JSON", 0, 0, 0, 0, 0, 0, 0, 0, 0, 0, 0, 1, 0, 0, 1
"e:\share_data\androidProject\YuYinDemo\app\src\main\cpp\out\build\x64-Debug\CMakeCache.txt", "CMake Cache", 0, 0, 0, 0, 0, 0, 0, 0, 306, 0, 0, 0, 0, 75, 381
"e:\share_data\androidProject\YuYinDemo\app\src\main\cpp\out\build\x64-Debug\CMakeFiles\3.20.21032501-MSVC_2\CMakeCCompiler.cmake", "cmake", 0, 0, 0, 0, 0, 0, 0, 63, 0, 0, 0, 0, 0, 16, 79
"e:\share_data\androidProject\YuYinDemo\app\src\main\cpp\out\build\x64-Debug\CMakeFiles\3.20.21032501-MSVC_2\CMakeCXXCompiler.cmake", "cmake", 0, 0, 0, 0, 0, 0, 0, 74, 0, 0, 0, 0, 0, 18, 92
"e:\share_data\androidProject\YuYinDemo\app\src\main\cpp\out\build\x64-Debug\CMakeFiles\3.20.21032501-MSVC_2\CMakeRCCompiler.cmake", "cmake", 0, 0, 0, 0, 0, 0, 0, 6, 0, 0, 0, 0, 0, 1, 7
"e:\share_data\androidProject\YuYinDemo\app\src\main\cpp\out\build\x64-Debug\CMakeFiles\3.20.21032501-MSVC_2\CMakeSystem.cmake", "cmake", 0, 0, 0, 0, 0, 0, 0, 10, 0, 0, 0, 0, 0, 6, 16
"e:\share_data\androidProject\YuYinDemo\app\src\main\cpp\out\build\x64-Debug\CMakeFiles\3.20.21032501-MSVC_2\CompilerIdCXX\CMakeCXXCompilerId.cpp", "C++", 0, 0, 0, 555, 0, 0, 0, 0, 0, 0, 0, 0, 57, 123, 735
"e:\share_data\androidProject\YuYinDemo\app\src\main\cpp\out\build\x64-Debug\CMakeFiles\3.20.21032501-MSVC_2\CompilerIdC\CMakeCCompilerId.c", "C", 0, 0, 0, 0, 0, 0, 0, 0, 0, 0, 564, 0, 55, 125, 744
"e:\share_data\androidProject\YuYinDemo\app\src\main\cpp\out\build\x64-Debug\CMakeFiles\CMakeOutput.log", "Log", 0, 0, 0, 0, 0, 0, 0, 0, 0, 41, 0, 0, 0, 29, 70
"e:\share_data\androidProject\YuYinDemo\app\src\main\cpp\out\build\x64-Debug\CMakeFiles\ShowIncludes\foo.h", "C++", 0, 0, 0, 0, 0, 0, 0, 0, 0, 0, 0, 0, 0, 2, 2
"e:\share_data\androidProject\YuYinDemo\app\src\main\cpp\out\build\x64-Debug\CMakeFiles\ShowIncludes\main.c", "C", 0, 0, 0, 0, 0, 0, 0, 0, 0, 0, 2, 0, 0, 1, 3
"e:\share_data\androidProject\YuYinDemo\app\src\main\cpp\out\build\x64-Debug\cmake_install.cmake", "cmake", 0, 0, 0, 0, 0, 0, 0, 42, 0, 0, 0, 0, 0, 9, 51
"e:\share_data\androidProject\YuYinDemo\app\src\main\cpp\out\build\x64-Debug\kaldi\cmake_install.cmake", "cmake", 0, 0, 0, 0, 0, 0, 0, 29, 0, 0, 0, 0, 0, 6, 35
"e:\share_data\androidProject\YuYinDemo\app\src\main\cpp\patch\CPPLINT.cfg", "Properties", 0, 0, 0, 0, 1, 0, 0, 0, 0, 0, 0, 0, 0, 1, 2
"e:\share_data\androidProject\YuYinDemo\app\src\main\cpp\patch\openfst\src\include\fst\flags.h", "C++", 0, 0, 0, 146, 0, 0, 0, 0, 0, 0, 0, 0, 46, 37, 229
"e:\share_data\androidProject\YuYinDemo\app\src\main\cpp\patch\openfst\src\include\fst\log.h", "C++", 0, 0, 0, 33, 0, 0, 0, 0, 0, 0, 0, 0, 35, 15, 83
"e:\share_data\androidProject\YuYinDemo\app\src\main\cpp\patch\openfst\src\lib\flags.cc", "C++", 0, 0, 0, 115, 0, 0, 0, 0, 0, 0, 0, 0, 39, 13, 167
"e:\share_data\androidProject\YuYinDemo\app\src\main\cpp\post_processor\post_processor.cc", "C++", 0, 0, 0, 36, 0, 0, 0, 0, 0, 0, 0, 0, 23, 8, 67
"e:\share_data\androidProject\YuYinDemo\app\src\main\cpp\post_processor\post_processor.h", "C++", 0, 0, 0, 29, 0, 0, 0, 0, 0, 0, 0, 0, 31, 13, 73
"e:\share_data\androidProject\YuYinDemo\app\src\main\cpp\post_processor\post_processor_test.cc", "C++", 0, 0, 0, 70, 0, 0, 0, 0, 0, 0, 0, 0, 29, 17, 116
"e:\share_data\androidProject\YuYinDemo\app\src\main\cpp\utils\blocking_queue.h", "C++", 0, 0, 0, 68, 0, 0, 0, 0, 0, 0, 0, 0, 13, 16, 97
"e:\share_data\androidProject\YuYinDemo\app\src\main\cpp\utils\flags.h", "C++", 0, 0, 0, 4, 0, 0, 0, 0, 0, 0, 0, 0, 16, 4, 24
"e:\share_data\androidProject\YuYinDemo\app\src\main\cpp\utils\log.h", "C++", 0, 0, 0, 4, 0, 0, 0, 0, 0, 0, 0, 0, 16, 4, 24
"e:\share_data\androidProject\YuYinDemo\app\src\main\cpp\utils\string.cc", "C++", 0, 0, 0, 146, 0, 0, 0, 0, 0, 0, 0, 0, 29, 20, 195
"e:\share_data\androidProject\YuYinDemo\app\src\main\cpp\utils\string.h", "C++", 0, 0, 0, 31, 0, 0, 0, 0, 0, 0, 0, 0, 24, 20, 75
"e:\share_data\androidProject\YuYinDemo\app\src\main\cpp\utils\timer.h", "C++", 0, 0, 0, 19, 0, 0, 0, 0, 0, 0, 0, 0, 14, 7, 40
"e:\share_data\androidProject\YuYinDemo\app\src\main\cpp\utils\utils.cc", "C++", 0, 0, 0, 13, 0, 0, 0, 0, 0, 0, 0, 0, 13, 7, 33
"e:\share_data\androidProject\YuYinDemo\app\src\main\cpp\utils\utils.h", "C++", 0, 0, 0, 12, 0, 0, 0, 0, 0, 0, 0, 0, 15, 9, 36
"e:\share_data\androidProject\YuYinDemo\app\src\main\cpp\websocket\websocket_client.cc", "C++", 0, 0, 0, 69, 0, 0, 0, 0, 0, 0, 0, 0, 22, 16, 107
"e:\share_data\androidProject\YuYinDemo\app\src\main\cpp\websocket\websocket_client.h", "C++", 0, 0, 0, 46, 0, 0, 0, 0, 0, 0, 0, 0, 13, 13, 72
"e:\share_data\androidProject\YuYinDemo\app\src\main\cpp\websocket\websocket_server.cc", "C++", 0, 0, 0, 224, 0, 0, 0, 0, 0, 0, 0, 0, 26, 22, 272
"e:\share_data\androidProject\YuYinDemo\app\src\main\cpp\websocket\websocket_server.h", "C++", 0, 0, 0, 73, 0, 0, 0, 0, 0, 0, 0, 0, 15, 16, 104
"e:\share_data\androidProject\YuYinDemo\app\src\main\cpp\wenet.cc", "C++", 0, 0, 0, 138, 0, 0, 0, 0, 0, 0, 0, 0, 27, 33, 198
"e:\share_data\androidProject\YuYinDemo\app\src\main\java\com\mobvoi\wenet\Recognize.java", "Java", 0, 0, 0, 0, 0, 14, 0, 0, 0, 0, 0, 0, 1, 4, 19
"e:\share_data\androidProject\YuYinDemo\app\src\main\res\anim\fade_in.xml", "XML", 0, 0, 7, 0, 0, 0, 0, 0, 0, 0, 0, 0, 15, 1, 23
"e:\share_data\androidProject\YuYinDemo\app\src\main\res\anim\fade_out.xml", "XML", 0, 0, 7, 0, 0, 0, 0, 0, 0, 0, 0, 0, 15, 1, 23
"e:\share_data\androidProject\YuYinDemo\app\src\main\res\anim\slide_in_left.xml", "XML", 0, 0, 6, 0, 0, 0, 0, 0, 0, 0, 0, 0, 0, 1, 7
"e:\share_data\androidProject\YuYinDemo\app\src\main\res\anim\slide_in_right.xml", "XML", 0, 0, 6, 0, 0, 0, 0, 0, 0, 0, 0, 0, 0, 2, 8
"e:\share_data\androidProject\YuYinDemo\app\src\main\res\anim\slide_out_left.xml", "XML", 0, 0, 6, 0, 0, 0, 0, 0, 0, 0, 0, 0, 0, 2, 8
"e:\share_data\androidProject\YuYinDemo\app\src\main\res\anim\slide_out_right.xml", "XML", 0, 0, 6, 0, 0, 0, 0, 0, 0, 0, 0, 0, 0, 1, 7
"e:\share_data\androidProject\YuYinDemo\app\src\main\res\drawable-anydpi\ic_cap_asr.xml", "XML", 0, 0, 16, 0, 0, 0, 0, 0, 0, 0, 0, 0, 0, 1, 17
"e:\share_data\androidProject\YuYinDemo\app\src\main\res\drawable-anydpi\ic_file.xml", "XML", 0, 0, 16, 0, 0, 0, 0, 0, 0, 0, 0, 0, 0, 1, 17
"e:\share_data\androidProject\YuYinDemo\app\src\main\res\drawable-anydpi\ic_main.xml", "XML", 0, 0, 11, 0, 0, 0, 0, 0, 0, 0, 0, 0, 0, 1, 12
"e:\share_data\androidProject\YuYinDemo\app\src\main\res\drawable-anydpi\ic_record_asr.xml", "XML", 0, 0, 16, 0, 0, 0, 0, 0, 0, 0, 0, 0, 0, 1, 17
"e:\share_data\androidProject\YuYinDemo\app\src\main\res\drawable-anydpi\ic_setting.xml", "XML", 0, 0, 11, 0, 0, 0, 0, 0, 0, 0, 0, 0, 0, 1, 12
"e:\share_data\androidProject\YuYinDemo\app\src\main\res\drawable-v24\ic_launcher_foreground.xml", "XML", 0, 0, 30, 0, 0, 0, 0, 0, 0, 0, 0, 0, 0, 0, 30
"e:\share_data\androidProject\YuYinDemo\app\src\main\res\drawable\ic_baseline_play_arrow_24.xml", "XML", 0, 0, 5, 0, 0, 0, 0, 0, 0, 0, 0, 0, 0, 1, 6
"e:\share_data\androidProject\YuYinDemo\app\src\main\res\drawable\ic_baseline_settings_24.xml", "XML", 0, 0, 5, 0, 0, 0, 0, 0, 0, 0, 0, 0, 0, 1, 6
"e:\share_data\androidProject\YuYinDemo\app\src\main\res\drawable\ic_baseline_share_24.xml", "XML", 0, 0, 5, 0, 0, 0, 0, 0, 0, 0, 0, 0, 0, 1, 6
"e:\share_data\androidProject\YuYinDemo\app\src\main\res\drawable\ic_baseline_stop_24.xml", "XML", 0, 0, 5, 0, 0, 0, 0, 0, 0, 0, 0, 0, 0, 1, 6
"e:\share_data\androidProject\YuYinDemo\app\src\main\res\drawable\ic_filemanager.xml", "XML", 0, 0, 5, 0, 0, 0, 0, 0, 0, 0, 0, 0, 0, 1, 6
"e:\share_data\androidProject\YuYinDemo\app\src\main\res\drawable\ic_launcher_background.xml", "XML", 0, 0, 170, 0, 0, 0, 0, 0, 0, 0, 0, 0, 0, 1, 171
"e:\share_data\androidProject\YuYinDemo\app\src\main\res\drawable\round_background.xml", "XML", 0, 0, 5, 0, 0, 0, 0, 0, 0, 0, 0, 0, 0, 0, 5
"e:\share_data\androidProject\YuYinDemo\app\src\main\res\layout\activity_main_view.xml", "XML", 0, 0, 34, 0, 0, 0, 0, 0, 0, 0, 0, 0, 0, 8, 42
"e:\share_data\androidProject\YuYinDemo\app\src\main\res\layout\file_item.xml", "XML", 0, 0, 46, 0, 0, 0, 0, 0, 0, 0, 0, 0, 0, 12, 58
"e:\share_data\androidProject\YuYinDemo\app\src\main\res\layout\floatviewtest.xml", "XML", 0, 0, 37, 0, 0, 0, 0, 0, 0, 0, 0, 0, 0, 11, 48
"e:\share_data\androidProject\YuYinDemo\app\src\main\res\layout\fragment_files_manager.xml", "XML", 0, 0, 16, 0, 0, 0, 0, 0, 0, 0, 0, 0, 0, 2, 18
"e:\share_data\androidProject\YuYinDemo\app\src\main\res\layout\fragment_main.xml", "XML", 0, 0, 45, 0, 0, 0, 0, 0, 0, 0, 0, 0, 0, 21, 66
"e:\share_data\androidProject\YuYinDemo\app\src\main\res\layout\fragment_runing_capture.xml", "XML", 0, 0, 40, 0, 0, 0, 0, 0, 0, 0, 0, 0, 4, 10, 54
"e:\share_data\androidProject\YuYinDemo\app\src\main\res\layout\fragment_runing_record.xml", "XML", 0, 0, 43, 0, 0, 0, 0, 0, 0, 0, 0, 0, 4, 8, 55
"e:\share_data\androidProject\YuYinDemo\app\src\main\res\layout\settings_activity.xml", "XML", 0, 0, 8, 0, 0, 0, 0, 0, 0, 0, 0, 0, 0, 1, 9
"e:\share_data\androidProject\YuYinDemo\app\src\main\res\layout\text_item.xml", "XML", 0, 0, 17, 0, 0, 0, 0, 0, 0, 0, 0, 0, 0, 1, 18
"e:\share_data\androidProject\YuYinDemo\app\src\main\res\menu-v26\yuyin_bottom_nav_menu.xml", "XML", 0, 0, 15, 0, 0, 0, 0, 0, 0, 0, 0, 0, 0, 4, 19
"e:\share_data\androidProject\YuYinDemo\app\src\main\res\menu\bar_menu.xml", "XML", 0, 0, 8, 0, 0, 0, 0, 0, 0, 0, 0, 0, 0, 0, 8
"e:\share_data\androidProject\YuYinDemo\app\src\main\res\menu\yuyin_bottom_nav_menu.xml", "XML", 0, 0, 15, 0, 0, 0, 0, 0, 0, 0, 0, 0, 0, 4, 19
"e:\share_data\androidProject\YuYinDemo\app\src\main\res\mipmap-anydpi-v26\ic_launcher.xml", "XML", 0, 0, 5, 0, 0, 0, 0, 0, 0, 0, 0, 0, 0, 0, 5
"e:\share_data\androidProject\YuYinDemo\app\src\main\res\mipmap-anydpi-v26\ic_launcher_round.xml", "XML", 0, 0, 5, 0, 0, 0, 0, 0, 0, 0, 0, 0, 0, 0, 5
"e:\share_data\androidProject\YuYinDemo\app\src\main\res\navigation\yuyin_navigation.xml", "XML", 0, 0, 42, 0, 0, 0, 0, 0, 0, 0, 0, 0, 0, 2, 44
"e:\share_data\androidProject\YuYinDemo\app\src\main\res\values-land\dimens.xml", "XML", 0, 0, 3, 0, 0, 0, 0, 0, 0, 0, 0, 0, 0, 0, 3
"e:\share_data\androidProject\YuYinDemo\app\src\main\res\values-night\themes.xml", "XML", 0, 0, 11, 0, 0, 0, 0, 0, 0, 0, 0, 0, 5, 0, 16
"e:\share_data\androidProject\YuYinDemo\app\src\main\res\values-w1240dp\dimens.xml", "XML", 0, 0, 3, 0, 0, 0, 0, 0, 0, 0, 0, 0, 0, 0, 3
"e:\share_data\androidProject\YuYinDemo\app\src\main\res\values-w600dp\dimens.xml", "XML", 0, 0, 3, 0, 0, 0, 0, 0, 0, 0, 0, 0, 0, 0, 3
"e:\share_data\androidProject\YuYinDemo\app\src\main\res\values\arrays.xml", "XML", 0, 0, 18, 0, 0, 0, 0, 0, 0, 0, 0, 0, 2, 2, 22
"e:\share_data\androidProject\YuYinDemo\app\src\main\res\values\attrs.xml", "XML", 0, 0, 17, 0, 0, 0, 0, 0, 0, 0, 0, 0, 0, 0, 17
"e:\share_data\androidProject\YuYinDemo\app\src\main\res\values\colors.xml", "XML", 0, 0, 23, 0, 0, 0, 0, 0, 0, 0, 0, 0, 0, 2, 25
"e:\share_data\androidProject\YuYinDemo\app\src\main\res\values\dimens.xml", "XML", 0, 0, 3, 0, 0, 0, 0, 0, 0, 0, 0, 0, 0, 0, 3
"e:\share_data\androidProject\YuYinDemo\app\src\main\res\values\strings.xml", "XML", 0, 0, 24, 0, 0, 0, 0, 0, 0, 0, 0, 0, 5, 3, 32
"e:\share_data\androidProject\YuYinDemo\app\src\main\res\values\themes.xml", "XML", 0, 0, 11, 0, 0, 0, 0, 0, 0, 0, 0, 0, 5, 1, 17
"e:\share_data\androidProject\YuYinDemo\app\src\main\res\xml\filepaths.xml", "XML", 0, 0, 6, 0, 0, 0, 0, 0, 0, 0, 0, 0, 0, 0, 6
"e:\share_data\androidProject\YuYinDemo\app\src\main\res\xml\root_preferences.xml", "XML", 0, 0, 11, 0, 0, 0, 0, 0, 0, 0, 0, 0, 28, 13, 52
"e:\share_data\androidProject\YuYinDemo\app\src\test\java\com\mobvoi\wenet\ExampleUnitTest.java", "Java", 0, 0, 0, 0, 0, 9, 0, 0, 0, 0, 0, 0, 5, 3, 17
"e:\share_data\androidProject\YuYinDemo\build.gradle", "Groovy", 0, 22, 0, 0, 0, 0, 0, 0, 0, 0, 0, 0, 0, 2, 24
"e:\share_data\androidProject\YuYinDemo\gradle.properties", "Properties", 0, 0, 0, 0, 4, 0, 0, 0, 0, 0, 0, 0, 16, 0, 20
"e:\share_data\androidProject\YuYinDemo\gradle\wrapper\gradle-wrapper.properties", "Properties", 0, 0, 0, 0, 5, 0, 0, 0, 0, 0, 0, 0, 1, 1, 7
"e:\share_data\androidProject\YuYinDemo\gradlew.bat", "Batch", 61, 0, 0, 0, 0, 0, 0, 0, 0, 0, 0, 0, 0, 24, 85
"e:\share_data\androidProject\YuYinDemo\settings.gradle", "Groovy", 0, 2, 0, 0, 0, 0, 0, 0, 0, 0, 0, 0, 0, 0, 2
"Total", "-", 61, 123, 892, 17780, 11, 38, 16, 224, 306, 41, 566, 1, 9143, 3592, 32794